feature,mean_abs_shap
Inventory Level,0.12038438718315257
Current Inventory Coverage Days,0.07913338786068212
Stock Pressure,0.06684304533414423
rolling_mean_7,0.06521578023574622
Demand Growth %,0.025593904347768294
Demand Trend,0.022849235034098348
Units Sold,0.02195163405996199
lag_7,0.02070074779297817
Predicted Demand,0.015605025048609538
rolling_mean_28,0.01434076346668147
lag_1,0.012554269271023676
rolling_std_7,0.00831062252976616
Demand Volatility,0.0023339957766424606
lag_28,0.0011830199319146574
