feature,importance
Inventory Level,0.2620002760168484
Current Inventory Coverage Days,0.20025289247102068
Stock Pressure,0.16999532087484032
rolling_mean_7,0.10099419620561165
Units Sold,0.04459764824423015
Demand Growth %,0.04266132728289761
Demand Trend,0.04042864499205894
lag_7,0.030874739038090307
Predicted Demand,0.030187051470340346
rolling_mean_28,0.023112248890503843
rolling_std_7,0.01974972459169279
lag_1,0.017829829077580076
Demand Volatility,0.009770643007390797
lag_28,0.007545457836894043
