word,coefficient
10,0.6166395090268125
20,0.046457513328595386
510,-0.21522684655655297
ability,-0.522327287871455
able,0.16822997602645695
absolutely,0.8243144073422608
access,-0.2982465626770908
actually,0.15625695751392776
additional,0.16444284585960528
adorable,0.7615688706203962
advertised,-0.22713494251206026
advise,-0.7284134013496985
ago,0.2987590459479829
allows,-0.14885883779962378
amazed,0.510014584186823
amazon,0.18204513890301174
appears,0.5348687009792067
arrived,-0.13889344451568744
ask,0.6596528908790217
att,-0.5601245743537189
audio,0.22979938159225632
audio quality,-0.0334909395514166
auto,-0.0007814837978788343
avoid,-0.6858262674919977
away,-0.04856844512182192
awesome,0.9100139927173753
awful,-0.8387365959354302
bad,-2.015143334620941
bar,0.2507446361998688
barely,0.011885099108535913
bargain,0.010168938903413525
bars,-0.7317131812411473
basically,-0.5013344973426163
battery,-0.6776674720229218
battery life,0.004593200085402174
battery works,0.18305689655321175
beautiful,1.2881838137135242
belt,0.6975167664659184
best,1.6874716252330568
best headset,0.5118427501206158
best phone,0.8096487813615834
better,1.3447693901334405
big,-0.6901281672593971
bit,-0.45954329599579147
black,-0.40830316079037315
blackberry,0.7448041700418991
blue,0.47564478126846094
blue tooth,-0.007496306953516136
bluetooth,0.822110927734425
bluetooth headset,-0.100854753127609
book,-0.15328445937250515
bought,0.29619285547985946
brand,-0.1255724065796616
break,-0.40841612325623594
breaking,-0.49160960113273455
breaks,-0.5586976845528104
broke,-1.0647415651896563
broke months,-0.4342186096527516
broken,-0.45212451433407685
bt,-0.3263965321157378
bt headset,-0.3263965321157378
buttons,-0.6216785421237371
buy,-1.3402440657390924
buy phone,0.3465865347968337
buy product,-0.37627760521900067
buying,-1.1704184603169496
buzzing,-0.3265321381725345
buzzing override,-0.3265321381725345
cable,-0.07435438442279882
calls,-0.8529530365920093
calls experienced,-0.3316343440840249
came,0.3656765501132478
came phone,0.009545888997326049
camera,0.7924046611627887
camera nice,0.2550030228957677
camera phone,0.5212151478387768
car,1.0350746299708136
car charger,-0.08020900466041286
care,-0.589515091125069
case,1.0437847920631753
cases,1.0413484740914187
catching,0.06947153024739675
caused,-0.45598056081196453
cell,0.7512182760004024
cell phone,0.39047547331833604
cell phones,0.01013588803261352
certainly,0.5554036884935486
charge,-1.309739384899836
charge like,0.14941275895536363
charger,0.07851829570609932
charging,-0.379127562238713
charging current,-0.379127562238713
charm,0.9072418795192254
cheap,-0.25673580371669896
chinese,-0.7903611537154014
choice,-0.16059242803139284
cingular,-0.4879670261181009
clarity,0.6727374820274165
clear,0.9595343696071716
clear sound,-0.1362262924821902
clearly,-0.35221313468602333
clip,-0.5271247082045322
color,-0.29940510979083784
come,-0.585198662678743
comes,0.02747644913229596
comfort,0.5419825916003745
comfortable,1.9698125722537532
comfortable ear,0.7584415275117546
comfortable fit,0.2555638262557214
comfortably,0.5701672399798027
coming,0.2797320227092689
company,-0.5889906447959525
complaint,-0.6152657612393223
completely,-0.7800181531668885
completely useless,-0.4350486012124422
computer,-0.3662070136173126
connected,-0.18775096332642077
connection,-0.5523975568655712
construction,-0.1481034439609652
consumer,-0.6630002651085833
contacts,-0.5665048458006252
conversation,-0.13082164299143892
conversations,-0.3265321381725345
conversations phone,-0.3265321381725345
cool,1.468784530723649
couldn,-0.07564534421999808
couple,-0.4296071886957325
cover,-0.48719247439566316
coverage,-0.6467139240374989
crap,-1.2624443426002472
crisp,0.837265072461424
cumbersome,-0.5058017859235381
current,-0.379127562238713
customer,-0.5908986013758502
customer service,-0.5908986013758502
cut,0.7865875664965044
data,0.4743489523387665
date,0.0030673907509980967
day,0.6865611985247737
days,-1.0513566288672282
dead,-0.6111892128933613
deal,0.10405901669390696
decent,0.4041098831672327
decision,0.8893136951924635
definitely,1.3824575347523653
description,0.025028564838559225
design,-1.1363939938827792
design flaw,-0.3729572208175061
despite,-0.006492122173326724
device,0.4031554198668821
dialing,0.6270138312724524
did,0.9270023285688783
did work,-0.5406750837174666
didn,-0.951272118700868
different,-0.1597714579839561
difficult,-1.4569524426465517
disappointed,-1.7019772745331943
disappointing,-1.1325030144186012
disappointment,-1.0549048804117753
display,0.6855820714365314
does,-0.5800194333211813
does fit,-0.6708847696191064
does work,-0.6582855960137145
doesn,-1.4403929194295433
doesn work,-0.5990674699252843
don,-1.2532629411682945
don buy,-0.852975359080727
don expect,0.06427487338596131
don like,0.030839568013919228
don think,-0.44856811095241444
don waste,-0.27508526501141556
dont,-0.497307721145546
dont waste,-0.23844364949068886
driving,0.6895811904686302
drop,-0.6795857350158442
dropped,-0.3138119257555959
dropped calls,-0.41811885286228606
dropped phone,0.343847961606011
drops,-0.35509153261583515
dying,-0.5581827926305455
ear,-0.5946662330997526
ear gels,0.10681904647808581
ear piece,0.45018093155198863
earbud,-0.24380679674050432
eargels,0.7952457593523523
earpiece,-0.4062125598946221
earpieces,0.49791768446260437
ears,0.33885192617290605
ease,0.412083260372654
easier,0.2814734243827079
easily,-1.0141255044413033
easy,2.1450938330577003
easy use,0.8396249809735876
end,0.0349028280241124
ended,0.3197092657777731
especially,0.09841661821545858
essentially,-0.5508043692198203
excellent,2.6936278958319435
excellent camera,0.2887168303291106
excellent product,0.6230072177070319
exchanged,-0.06145075880063391
excited,0.6037297037025949
expect,0.21544943872451588
expected,0.20090439599624027
expensive,0.34554329439215026
experience,-0.5627183906999413
experienced,-0.3316343440840249
extra,-0.3333825124070769
extremely,-0.6776219913089316
face,-0.05866150591904688
failed,-0.8032096093165524
fails,-0.41280992699002805
family,1.3503392515395432
fantastic,1.2663380062282306
far,1.1334119250209285
far good,0.5183536871864263
fast,1.2822787733257066
feature,-0.14938418263657452
feature really,-0.6391420962774317
features,0.9900092547258372
feel,0.023058984918921
feels,0.2632012747758709
feels good,0.3863719039529175
feet,-0.07747307042794126
felt,-0.7370435259068477
figure,-0.3388331785395085
fine,0.9996599688488249
fit,-0.2977480187574726
fits,1.5602659696509902
fits comfortably,0.46638615993059296
fits ear,0.3790421878917652
flaw,-0.3729572208175061
flawlessly,0.5445542388908883
flimsy,-0.6119307822020822
flip,-0.21057907318991492
forced,-0.7954665048277484
forever,-0.15309871900288752
forget,-0.6999388218475879
form,0.4160988003540102
free,0.5231007053926788
friendly,-0.06926498325260874
gels,0.10681904647808581
gets,0.2817314790464984
gets job,0.647112328213698
getting,0.6678000867729825
given,-0.1218517874324852
glad,0.6395647952348811
goes,-0.6693371548194679
going,0.14347215286481318
good,2.5214011912739074
good battery,0.3020164193009484
good case,0.36262167236208503
good item,0.022682417804960497
good phone,0.8670372013048964
good price,0.4135684217829125
good product,0.8641675309582778
good protection,0.7138725229638011
good quality,0.6321804584625049
got,1.1678050017299766
got phone,0.39224448255709676
graphics,0.5265291027257457
great,3.9182695006909722
great deal,0.6105767059846543
great phone,0.9978486491997416
great price,0.25458537250361474
great product,0.7091407832288406
great reception,0.5099998234854822
great sound,0.32405126637121545
hand,0.7904057416717122
hands,0.40266529273467055
hands free,0.39870755021798765
handsfree,0.6380066393907418
handy,0.4411035122351799
happier,0.6130700707230846
happy,1.049040789556099
happy product,0.8312898774423835
happy purchase,0.5770963634829201
hard,-0.03161212736268062
hate,-0.8468620570597455
having,-0.6756233184265512
headphones,-0.3048723930063189
headset,0.7333820350049394
headset works,0.31120060971351765
headsets,0.12011384877408736
hear,-1.1566690088350786
helpful,0.6306995212107068
high,0.1903658865113139
highly,1.178037743066526
highly recommend,1.178037743066526
hold,0.04170679263369494
holding,1.1002715566959758
holds,0.7641579130488655
holds charge,0.34268841412246265
holster,-0.03690211329573936
home,-0.010697868468920364
hoping,-0.8570445637292528
horrible,-1.5664537233835558
hours,-0.5517536264329775
house,-0.05127931157737301
huge,-0.4616249809136527
igo,0.45585805147991293
im,0.5754904516089189
important,-0.026719932469223363
impressed,-0.32437115613727513
install,-0.15152940299224865
instead,0.8765779959758799
instructions,-0.9172209028030306
internet,-0.141898779199708
iphone,0.4140018833149068
issues,-0.27554810527563023
item,-0.5217918196251543
item worked,-0.7034776733288861
jabra,1.2439624181510225
jawbone,0.957552960586358
job,0.6992633660278291
joke,-0.6092701051364007
junk,-1.1297112577360522
just,0.8551994832420047
kept,0.39870511422774635
keyboard,0.536036529822625
kind,-0.6510019170021303
know,0.038325793932217155
lacking,-0.3080568437537368
large,-0.1396018836032395
lasts,-0.5784732381501034
later,-0.7472430846174913
leather,0.5557641958203836
leather nice,0.28986754780886986
left,-0.4214775162958379
lg,0.03948836288432884
life,0.004593200085402174
life long,-0.009315335337531244
light,0.7427641391932189
lightweight,0.6417221057020307
like,0.9724647133705809
like charm,0.5702423753360333
like loud,-0.3265321381725345
line,-0.1641604674846689
literally,-0.35735121782684626
little,0.27600833489075244
little phone,-0.024552440366623216
ll,-0.5367115410728777
lock,-0.46636835178924185
long,-0.10767970930703337
long time,0.5524971877053885
longer,-0.48990684154002967
look,0.12724739128309887
looking,-0.5371143781290822
looks,-0.26018163434870595
looks nice,0.5271052998318204
lost,-0.4852649929663764
lot,0.1562265984403139
lot better,-0.0810482333876169
loud,-0.404701408822148
loud buzzing,-0.3265321381725345
love,2.4726849778132576
love phone,0.4385970387178744
low,-0.2220741215150422
low price,0.39944833554187237
low quality,-0.9612492663565794
maintain,-0.4229084701362959
make,-0.577276154478954
make mistake,-0.4159145781522576
makes,0.4333945187543896
makes easier,0.08941488422846768
making,0.030349028368100057
market,0.8240085268006683
mic,0.21118006681213564
microphone,-0.3476406457611029
minutes,0.05353230112346946
mistake,-1.0924627040086725
mobile,0.5850678748060446
mobile phone,0.6980875756681852
model,-0.5577215759354539
money,-1.2115778335867204
month,0.17259725233350617
months,-0.6985242748953437
months use,-0.4342186096527516
moto,-0.23745983463560455
motorola,0.24988129725150482
mp3,0.0741750430974375
music,-0.432662303370776
need,0.5832753000979056
needed,-0.05422710948718047
network,-0.32186056357021087
new,0.29901462772061316
nice,2.133098508554047
noise,1.2216872372452932
nokia,-0.5238846269262664
notice,0.24798671384624743
noticed,-0.4361110610923378
numerous,-0.07484579135303306
obviously,0.2411209001509285
oh,0.25996170788270045
old,-1.2384203415864175
operate,-0.12533682220059794
order,1.3987009611276109
ordered,-0.5424567420263069
original,0.9529591383998459
original battery,0.7876875546951912
outlet,-0.4092011314222595
overall,0.8919014191147158
override,-0.3265321381725345
override conversations,-0.3265321381725345
owned,0.3634514505691925
packaged,0.1654832454861602
pair,-0.06304738379053304
paired,0.4744708652114221
pairing,0.5717131814658343
palm,-0.5281294455826295
particular,-0.4300315622357708
party,-0.7098647342684018
pay,-0.8132602466389466
pc,0.46263319100455225
pda,0.7011803285986324
people,0.7505764218924452
perfectly,1.5763070073258996
performance,-0.07464811567879741
phone,0.2532820644584491
phone doesn,0.19320743908621724
phone great,0.43354136393471027
phone handy,0.4411035122351799
phone problem,-0.5089401949427396
phone use,-0.6274964797013153
phone ve,-0.20694360349182683
phone work,0.7123811712690743
phone years,0.5125391014191765
phones,0.14216124946040068
picture,-1.1946073155209609
pictures,0.33506439112072617
piece,-0.9690285404437126
piece crap,-0.2734124055791719
piece junk,-0.4340507035843287
place,-0.37122298509898843
placed,0.1438806487117897
plan,0.17532273606141585
plantronics,0.21212085474616052
plastic,-0.4914149319004376
play,-0.14215156006094998
player,-0.41223840771453407
pleased,1.7065916615337557
plug,-1.3106694809985255
plugged,-0.949148920290596
poor,-2.361457147987509
poorly,-0.8506400862477165
power,-0.09485508219684292
pretty,1.3252484721329982
pretty good,0.23924208102302918
previous,0.3090441082115668
price,2.0056839589109194
price good,0.33368263018930383
priced,0.6419710752610938
priced right,0.5126876590642135
probably,-0.020340924683567106
problem,-0.7934432173405168
problems,0.4639171766252836
product,0.23547104389413487
product price,0.4098022230051944
pros,-0.14000654191306353
protection,0.4371308867080862
protector,0.19996113788643813
provided,0.13565720856928853
pull,-0.5406417035953174
purchase,-0.3189795591567724
purchase ve,-0.16143820740748813
purchased,0.11293382020649109
purchasing,-0.17261116043526192
push,-0.32707252261766295
quality,0.966578957701266
quality end,0.41228768277596284
quality excellent,0.3452694832427573
quality poor,-0.5358712072527176
quality sound,-0.0616265976726344
quickly,-0.30177305658176495
quite,0.045444345434711916
range,1.0491030426209018
range good,0.32916046110914626
razr,0.07409491889752365
real,-0.226084257172625
real good,0.8808737271469225
really,0.14486348961256687
really easy,0.026010552609237667
really good,0.41400723686791296
really like,0.6928688473347213
really recommend,0.31953611240432733
reason,-0.5875844950149762
reasonably,0.7843331469739713
received,-0.13491819667743846
receiving,-0.4943744999877955
reception,0.29900755284568215
recharge,-0.41352438728254237
recognition,0.5722949171578111
recommend,1.3852932653470151
recommend case,0.28937169752864284
recommend item,-0.33362423757260695
regarding,0.11682043314681968
replace,0.6122878461336477
replacement,-0.6747942258621903
results,-0.19401533493823997
return,-1.249855888558934
returned,-0.41714401558842173
returning,-0.853843668677549
review,-0.7009986374888949
reviews,0.9615539418687721
right,-0.3603809012464128
ring,0.08341267838987022
ringing,-0.3434469909485028
ringtones,0.4815726711755072
rocks,1.0519930901959968
room,-0.1670068014261105
said,0.4708181190802639
samsung,0.5386248760259055
satisfied,1.1904806196076758
satisfied purchase,0.5928222478195713
say,0.5534925163676935
say wow,0.5614855806297017
saying,-0.6039798914736766
says,-0.7328330675558912
scratched,-0.2191915230889902
screen,-0.05110108824459352
seconds,-0.3482885758795879
secure,0.5978401297366573
seller,1.1183946000093825
sending,-0.7834519680249473
series,-0.17287185646148104
seriously,-0.2492998374496539
service,0.1988989765600003
setup,1.0970019046536694
sharp,0.781315156068043
shipping,0.06249398886140097
signal,-0.9020404730066838
simple,0.18825935552747455
simple use,0.6323521444508818
simply,-0.5908617150617806
size,0.2324031851035049
sizes,-0.14438522910793863
skype,0.5709546262168814
sleek,0.7012213722488301
slim,0.7402734151329923
slow,-0.8377371610674008
small,0.3574673707649852
smell,-0.8075003097492608
software,0.3336445251774283
sony,0.0789954136038349
sound,0.4384915211844319
sound better,0.038026920958448965
sound quality,0.5047979674631005
sound volume,0.19093913379356942
sounded,-0.0806925138776654
sounds,0.3735096949058763
speaker,0.11897123740278148
sprint,-0.8325306380105424
stars,0.15854711410830447
started,-0.6666541096596512
starts,-0.4391136012629374
stated,-0.8528361038493457
static,-0.6746668728189533
stay,-1.1331833585735618
stay away,-0.45768509663386064
storage,-0.2373994196483711
strong,0.2484633701237703
sturdy,1.3885912348155691
sucks,-1.1030574462161957
super,0.5212554019849498
support,-0.7209573602576036
sure,0.04195473881707391
switch,-0.44244211085752266
takes,-0.3665061035388922
takes forever,-0.3665061035388922
talk,-0.6861045376282083
tech,-0.39702403318364093
tech support,-0.39702403318364093
technology,-0.17531391054033216
tell,-0.936614380024735
terrible,-1.1073742589827897
terrible customer,-0.2988716272395513
thank,-0.03931014863376786
thats,-0.04059420101075806
thing,-1.0116779566433953
things,-0.15985316368524213
think,-0.19628512732734787
thought,0.34015728994063654
time,-0.6690477209311502
timeframe,-0.13666354748734755
times,-0.28797665805112604
tinny,-0.8274491836318778
tips,0.4865773761164554
told,-0.5106559048170616
tones,-0.7409486209691503
took,-0.06461543439148028
tool,0.27526198128394325
tooth,-0.007496306953516136
tremendous,0.5970453026963443
treo,-0.27248179723737803
tried,0.022967776564436097
tries,-0.16413872552548855
trouble,-0.07836856492381836
try,0.04292270858392467
trying,-0.3555008602900585
turn,-0.4359301322848189
turned,-0.6569200931967994
turns,-0.06929368502721432
uncomfortable,-0.7805052218014961
understand,-0.6485409715809396
unfortunately,-0.4307188533105634
unit,-0.6052065526396814
unless,-0.3580387396124521
unreliable,-1.2157610411881736
unreliable service,-0.5432031525680322
unusable,-1.0224634489805644
usb,0.5440178238471008
use,0.2546706470718476
use clear,0.38925765931335216
use headset,0.4176060018815307
used,-0.0773652902601778
useless,-0.9401572734644137
user,-0.06926498325260874
user friendly,-0.06926498325260874
using,0.31105002846334695
usually,0.8228820345228218
usually don,0.8228820345228218
value,0.8690077712298345
ve,0.7738821101819291
ve owned,0.3634514505691925
ve tried,0.25275515111541846
verizon,0.1646423722124936
video,0.3585312433389496
voice,0.227021313556842
voice dialing,0.6270138312724524
voice recognition,0.5722949171578111
volume,-0.8640914652694387
w810i,0.30609111844351333
wall,-0.09485508219684292
wall outlet,-0.09485508219684292
want,-0.22398787233753795
wanted,0.7961446781487965
warning,-0.4812439034377687
warranty,-0.37740954879689437
wasn,-0.28384917389883996
waste,-1.3174838524317738
waste money,-0.6139958232206912
waste time,-0.3714142897440334
wasted,-0.5815387550966473
way,-0.44902193020357545
weak,-0.7207565516112534
wear,0.96118359313239
wearing,-1.0538642124887878
website,-0.5440796449847576
week,-0.4819420694372845
weeks,-0.25857770032916355
went,-0.40006459817223494
whatsoever,-0.4892207860973831
white,-0.024598601726139837
wife,-0.18492494260632927
wife phone,-0.5947340738514582
wind,0.6166224496809973
wired,-0.6688724724338516
wireless,0.8097405236573229
won,1.1320156960911896
work,-1.1116903959101716
worked,0.38673247378739517
worked great,0.1757929966298294
worked like,0.3810341765865132
working,0.6947548580218056
works,3.2730551902301714
works fine,0.38973508651023975
works good,0.18059882215366552
works great,0.9037896782846676
works just,0.0020636521130461298
works like,0.23714666771695642
worst,-1.8557321039513492
worst customer,-0.31019970596383994
worst phone,-0.3455110150011916
worth,-0.0007066609389858561
worthless,-0.41862368015812074
worthwhile,0.9743752067213751
wouldn,-0.2849907463273992
wow,0.5614855806297017
wrong,-0.5057221071213235
year,-0.3151057825222414
year old,-0.4227111830965557
years,1.0285545778445428
years ago,0.570096480594653
